seed,symmetric,fbank_size,ckpt_path,query_sim_only,query
0,True,2,results/ljts_triplet/random_1785952933.pth,"{'laptop (computer_dist)': {'n_pairs': 1000, 'n_max_trajs': 56, 'n_min_trajs': 448, 'n_nonempty_hist': {0: 223, 1: 638, 2: 139}, 'n_both_nonempty': 139, 'n_ttest_run': 139, 'n_significant': {0.05: 0, 0.01: 0, 0.001: 0}, 'frac_significant': {0.05: 0.0, 0.01: 0.0, 0.001: 0.0}}, 'upright (joint_up)': {'n_pairs': 1000, 'n_max_trajs': 560, 'n_min_trajs': 280, 'n_nonempty_hist': {0: 262, 1: 626, 2: 112}, 'n_both_nonempty': 112, 'n_ttest_run': 112, 'n_significant': {0.05: 0, 0.01: 0, 0.001: 0}, 'frac_significant': {0.05: 0.0, 0.01: 0.0, 0.001: 0.0}}}","{'sim_only': {'laptop (computer_dist)': {'n_pairs': 1000, 'n_max_trajs': 56, 'n_min_trajs': 448, 'n_nonempty_hist': {0: 223, 1: 638, 2: 139}, 'n_both_nonempty': 139, 'n_ttest_run': 139, 'n_significant': {0.05: 0, 0.01: 0, 0.001: 0}, 'frac_significant': {0.05: 0.0, 0.01: 0.0, 0.001: 0.0}}, 'upright (joint_up)': {'n_pairs': 1000, 'n_max_trajs': 560, 'n_min_trajs': 280, 'n_nonempty_hist': {0: 262, 1: 626, 2: 112}, 'n_both_nonempty': 112, 'n_ttest_run': 112, 'n_significant': {0.05: 0, 0.01: 0, 0.001: 0}, 'frac_significant': {0.05: 0.0, 0.01: 0.0, 0.001: 0.0}}}}"
1,True,2,results/ljts_triplet/random_1785952943.pth,"{'laptop (computer_dist)': {'n_pairs': 1000, 'n_max_trajs': 56, 'n_min_trajs': 448, 'n_nonempty_hist': {0: 296, 1: 444, 2: 260}, 'n_both_nonempty': 260, 'n_ttest_run': 260, 'n_significant': {0.05: 123, 0.01: 123, 0.001: 0}, 'frac_significant': {0.05: 0.47307692307692306, 0.01: 0.47307692307692306, 0.001: 0.0}}, 'upright (joint_up)': {'n_pairs': 1000, 'n_max_trajs': 560, 'n_min_trajs': 280, 'n_nonempty_hist': {0: 249, 1: 544, 2: 207}, 'n_both_nonempty': 207, 'n_ttest_run': 207, 'n_significant': {0.05: 110, 0.01: 110, 0.001: 0}, 'frac_significant': {0.05: 0.5314009661835749, 0.01: 0.5314009661835749, 0.001: 0.0}}}","{'sim_only': {'laptop (computer_dist)': {'n_pairs': 1000, 'n_max_trajs': 56, 'n_min_trajs': 448, 'n_nonempty_hist': {0: 296, 1: 444, 2: 260}, 'n_both_nonempty': 260, 'n_ttest_run': 260, 'n_significant': {0.05: 123, 0.01: 123, 0.001: 0}, 'frac_significant': {0.05: 0.47307692307692306, 0.01: 0.47307692307692306, 0.001: 0.0}}, 'upright (joint_up)': {'n_pairs': 1000, 'n_max_trajs': 560, 'n_min_trajs': 280, 'n_nonempty_hist': {0: 249, 1: 544, 2: 207}, 'n_both_nonempty': 207, 'n_ttest_run': 207, 'n_significant': {0.05: 110, 0.01: 110, 0.001: 0}, 'frac_significant': {0.05: 0.5314009661835749, 0.01: 0.5314009661835749, 0.001: 0.0}}}}"
2,True,2,results/ljts_triplet/random_1785952952.pth,"{'laptop (computer_dist)': {'n_pairs': 1000, 'n_max_trajs': 56, 'n_min_trajs': 448, 'n_nonempty_hist': {0: 335, 1: 319, 2: 346}, 'n_both_nonempty': 346, 'n_ttest_run': 0, 'n_significant': {0.05: 0, 0.01: 0, 0.001: 0}, 'frac_significant': {0.05: 0.0, 0.01: 0.0, 0.001: 0.0}}, 'upright (joint_up)': {'n_pairs': 1000, 'n_max_trajs': 560, 'n_min_trajs': 280, 'n_nonempty_hist': {0: 261, 1: 521, 2: 218}, 'n_both_nonempty': 218, 'n_ttest_run': 218, 'n_significant': {0.05: 0, 0.01: 0, 0.001: 0}, 'frac_significant': {0.05: 0.0, 0.01: 0.0, 0.001: 0.0}}}","{'sim_only': {'laptop (computer_dist)': {'n_pairs': 1000, 'n_max_trajs': 56, 'n_min_trajs': 448, 'n_nonempty_hist': {0: 335, 1: 319, 2: 346}, 'n_both_nonempty': 346, 'n_ttest_run': 0, 'n_significant': {0.05: 0, 0.01: 0, 0.001: 0}, 'frac_significant': {0.05: 0.0, 0.01: 0.0, 0.001: 0.0}}, 'upright (joint_up)': {'n_pairs': 1000, 'n_max_trajs': 560, 'n_min_trajs': 280, 'n_nonempty_hist': {0: 261, 1: 521, 2: 218}, 'n_both_nonempty': 218, 'n_ttest_run': 218, 'n_significant': {0.05: 0, 0.01: 0, 0.001: 0}, 'frac_significant': {0.05: 0.0, 0.01: 0.0, 0.001: 0.0}}}}"
0,True,4,results/ljts_triplet/random_1785952960.pth,"{'laptop (computer_dist)': {'n_pairs': 1000, 'n_max_trajs': 56, 'n_min_trajs': 448, 'n_nonempty_hist': {0: 43, 1: 663, 2: 294}, 'n_both_nonempty': 294, 'n_ttest_run': 294, 'n_significant': {0.05: 145, 0.01: 145, 0.001: 145}, 'frac_significant': {0.05: 0.4931972789115646, 0.01: 0.4931972789115646, 0.001: 0.4931972789115646}}, 'upright (joint_up)': {'n_pairs': 1000, 'n_max_trajs': 560, 'n_min_trajs': 280, 'n_nonempty_hist': {0: 82, 1: 529, 2: 389}, 'n_both_nonempty': 389, 'n_ttest_run': 389, 'n_significant': {0.05: 59, 0.01: 22, 0.001: 0}, 'frac_significant': {0.05: 0.15167095115681234, 0.01: 0.056555269922879174, 0.001: 0.0}}}","{'sim_only': {'laptop (computer_dist)': {'n_pairs': 1000, 'n_max_trajs': 56, 'n_min_trajs': 448, 'n_nonempty_hist': {0: 43, 1: 663, 2: 294}, 'n_both_nonempty': 294, 'n_ttest_run': 294, 'n_significant': {0.05: 145, 0.01: 145, 0.001: 145}, 'frac_significant': {0.05: 0.4931972789115646, 0.01: 0.4931972789115646, 0.001: 0.4931972789115646}}, 'upright (joint_up)': {'n_pairs': 1000, 'n_max_trajs': 560, 'n_min_trajs': 280, 'n_nonempty_hist': {0: 82, 1: 529, 2: 389}, 'n_both_nonempty': 389, 'n_ttest_run': 389, 'n_significant': {0.05: 59, 0.01: 22, 0.001: 0}, 'frac_significant': {0.05: 0.15167095115681234, 0.01: 0.056555269922879174, 0.001: 0.0}}}}"
1,True,4,results/ljts_triplet/random_1785952969.pth,"{'laptop (computer_dist)': {'n_pairs': 1000, 'n_max_trajs': 56, 'n_min_trajs': 448, 'n_nonempty_hist': {0: 69, 1: 618, 2: 313}, 'n_both_nonempty': 313, 'n_ttest_run': 313, 'n_significant': {0.05: 95, 0.01: 95, 0.001: 21}, 'frac_significant': {0.05: 0.3035143769968051, 0.01: 0.3035143769968051, 0.001: 0.0670926517571885}}, 'upright (joint_up)': {'n_pairs': 1000, 'n_max_trajs': 560, 'n_min_trajs': 280, 'n_nonempty_hist': {0: 87, 1: 517, 2: 396}, 'n_both_nonempty': 396, 'n_ttest_run': 366, 'n_significant': {0.05: 50, 0.01: 10, 0.001: 0}, 'frac_significant': {0.05: 0.1366120218579235, 0.01: 0.0273224043715847, 0.001: 0.0}}}","{'sim_only': {'laptop (computer_dist)': {'n_pairs': 1000, 'n_max_trajs': 56, 'n_min_trajs': 448, 'n_nonempty_hist': {0: 69, 1: 618, 2: 313}, 'n_both_nonempty': 313, 'n_ttest_run': 313, 'n_significant': {0.05: 95, 0.01: 95, 0.001: 21}, 'frac_significant': {0.05: 0.3035143769968051, 0.01: 0.3035143769968051, 0.001: 0.0670926517571885}}, 'upright (joint_up)': {'n_pairs': 1000, 'n_max_trajs': 560, 'n_min_trajs': 280, 'n_nonempty_hist': {0: 87, 1: 517, 2: 396}, 'n_both_nonempty': 396, 'n_ttest_run': 366, 'n_significant': {0.05: 50, 0.01: 10, 0.001: 0}, 'frac_significant': {0.05: 0.1366120218579235, 0.01: 0.0273224043715847, 0.001: 0.0}}}}"
2,True,4,results/ljts_triplet/random_1785952977.pth,"{'laptop (computer_dist)': {'n_pairs': 1000, 'n_max_trajs': 56, 'n_min_trajs': 448, 'n_nonempty_hist': {0: 77, 1: 499, 2: 424}, 'n_both_nonempty': 424, 'n_ttest_run': 424, 'n_significant': {0.05: 79, 0.01: 50, 0.001: 36}, 'frac_significant': {0.05: 0.18632075471698112, 0.01: 0.1179245283018868, 0.001: 0.08490566037735849}}, 'upright (joint_up)': {'n_pairs': 1000, 'n_max_trajs': 560, 'n_min_trajs': 280, 'n_nonempty_hist': {0: 67, 1: 414, 2: 519}, 'n_both_nonempty': 519, 'n_ttest_run': 418, 'n_significant': {0.05: 49, 0.01: 0, 0.001: 0}, 'frac_significant': {0.05: 0.11722488038277512, 0.01: 0.0, 0.001: 0.0}}}","{'sim_only': {'laptop (computer_dist)': {'n_pairs': 1000, 'n_max_trajs': 56, 'n_min_trajs': 448, 'n_nonempty_hist': {0: 77, 1: 499, 2: 424}, 'n_both_nonempty': 424, 'n_ttest_run': 424, 'n_significant': {0.05: 79, 0.01: 50, 0.001: 36}, 'frac_significant': {0.05: 0.18632075471698112, 0.01: 0.1179245283018868, 0.001: 0.08490566037735849}}, 'upright (joint_up)': {'n_pairs': 1000, 'n_max_trajs': 560, 'n_min_trajs': 280, 'n_nonempty_hist': {0: 67, 1: 414, 2: 519}, 'n_both_nonempty': 519, 'n_ttest_run': 418, 'n_significant': {0.05: 49, 0.01: 0, 0.001: 0}, 'frac_significant': {0.05: 0.11722488038277512, 0.01: 0.0, 0.001: 0.0}}}}"
0,True,8,results/ljts_triplet/random_1785952986.pth,"{'laptop (computer_dist)': {'n_pairs': 1000, 'n_max_trajs': 56, 'n_min_trajs': 448, 'n_nonempty_hist': {0: 32, 1: 75, 2: 893}, 'n_both_nonempty': 893, 'n_ttest_run': 870, 'n_significant': {0.05: 341, 0.01: 257, 0.001: 138}, 'frac_significant': {0.05: 0.39195402298850573, 0.01: 0.29540229885057473, 0.001: 0.15862068965517243}}, 'upright (joint_up)': {'n_pairs': 1000, 'n_max_trajs': 560, 'n_min_trajs': 280, 'n_nonempty_hist': {0: 40, 1: 69, 2: 891}, 'n_both_nonempty': 891, 'n_ttest_run': 891, 'n_significant': {0.05: 91, 0.01: 5, 0.001: 0}, 'frac_significant': {0.05: 0.10213243546576879, 0.01: 0.005611672278338945, 0.001: 0.0}}}","{'sim_only': {'laptop (computer_dist)': {'n_pairs': 1000, 'n_max_trajs': 56, 'n_min_trajs': 448, 'n_nonempty_hist': {0: 32, 1: 75, 2: 893}, 'n_both_nonempty': 893, 'n_ttest_run': 870, 'n_significant': {0.05: 341, 0.01: 257, 0.001: 138}, 'frac_significant': {0.05: 0.39195402298850573, 0.01: 0.29540229885057473, 0.001: 0.15862068965517243}}, 'upright (joint_up)': {'n_pairs': 1000, 'n_max_trajs': 560, 'n_min_trajs': 280, 'n_nonempty_hist': {0: 40, 1: 69, 2: 891}, 'n_both_nonempty': 891, 'n_ttest_run': 891, 'n_significant': {0.05: 91, 0.01: 5, 0.001: 0}, 'frac_significant': {0.05: 0.10213243546576879, 0.01: 0.005611672278338945, 0.001: 0.0}}}}"
1,True,8,results/ljts_triplet/random_1785952995.pth,"{'laptop (computer_dist)': {'n_pairs': 1000, 'n_max_trajs': 56, 'n_min_trajs': 448, 'n_nonempty_hist': {0: 17, 1: 84, 2: 899}, 'n_both_nonempty': 899, 'n_ttest_run': 723, 'n_significant': {0.05: 181, 0.01: 99, 0.001: 52}, 'frac_significant': {0.05: 0.2503457814661134, 0.01: 0.13692946058091288, 0.001: 0.07192254495159059}}, 'upright (joint_up)': {'n_pairs': 1000, 'n_max_trajs': 560, 'n_min_trajs': 280, 'n_nonempty_hist': {0: 48, 1: 141, 2: 811}, 'n_both_nonempty': 811, 'n_ttest_run': 811, 'n_significant': {0.05: 81, 0.01: 6, 0.001: 0}, 'frac_significant': {0.05: 0.0998766954377312, 0.01: 0.007398273736128237, 0.001: 0.0}}}","{'sim_only': {'laptop (computer_dist)': {'n_pairs': 1000, 'n_max_trajs': 56, 'n_min_trajs': 448, 'n_nonempty_hist': {0: 17, 1: 84, 2: 899}, 'n_both_nonempty': 899, 'n_ttest_run': 723, 'n_significant': {0.05: 181, 0.01: 99, 0.001: 52}, 'frac_significant': {0.05: 0.2503457814661134, 0.01: 0.13692946058091288, 0.001: 0.07192254495159059}}, 'upright (joint_up)': {'n_pairs': 1000, 'n_max_trajs': 560, 'n_min_trajs': 280, 'n_nonempty_hist': {0: 48, 1: 141, 2: 811}, 'n_both_nonempty': 811, 'n_ttest_run': 811, 'n_significant': {0.05: 81, 0.01: 6, 0.001: 0}, 'frac_significant': {0.05: 0.0998766954377312, 0.01: 0.007398273736128237, 0.001: 0.0}}}}"
2,True,8,results/ljts_triplet/random_1785953005.pth,"{'laptop (computer_dist)': {'n_pairs': 1000, 'n_max_trajs': 56, 'n_min_trajs': 448, 'n_nonempty_hist': {0: 20, 1: 120, 2: 860}, 'n_both_nonempty': 860, 'n_ttest_run': 847, 'n_significant': {0.05: 348, 0.01: 274, 0.001: 122}, 'frac_significant': {0.05: 0.41086186540731995, 0.01: 0.3234946871310508, 0.001: 0.14403778040141677}}, 'upright (joint_up)': {'n_pairs': 1000, 'n_max_trajs': 560, 'n_min_trajs': 280, 'n_nonempty_hist': {0: 44, 1: 114, 2: 842}, 'n_both_nonempty': 842, 'n_ttest_run': 826, 'n_significant': {0.05: 75, 0.01: 9, 0.001: 0}, 'frac_significant': {0.05: 0.09079903147699758, 0.01: 0.010895883777239709, 0.001: 0.0}}}","{'sim_only': {'laptop (computer_dist)': {'n_pairs': 1000, 'n_max_trajs': 56, 'n_min_trajs': 448, 'n_nonempty_hist': {0: 20, 1: 120, 2: 860}, 'n_both_nonempty': 860, 'n_ttest_run': 847, 'n_significant': {0.05: 348, 0.01: 274, 0.001: 122}, 'frac_significant': {0.05: 0.41086186540731995, 0.01: 0.3234946871310508, 0.001: 0.14403778040141677}}, 'upright (joint_up)': {'n_pairs': 1000, 'n_max_trajs': 560, 'n_min_trajs': 280, 'n_nonempty_hist': {0: 44, 1: 114, 2: 842}, 'n_both_nonempty': 842, 'n_ttest_run': 826, 'n_significant': {0.05: 75, 0.01: 9, 0.001: 0}, 'frac_significant': {0.05: 0.09079903147699758, 0.01: 0.010895883777239709, 0.001: 0.0}}}}"
0,True,16,results/ljts_triplet/random_1785953014.pth,"{'laptop (computer_dist)': {'n_pairs': 1000, 'n_max_trajs': 56, 'n_min_trajs': 448, 'n_nonempty_hist': {0: 23, 1: 0, 2: 977}, 'n_both_nonempty': 977, 'n_ttest_run': 881, 'n_significant': {0.05: 319, 0.01: 188, 0.001: 136}, 'frac_significant': {0.05: 0.3620885357548241, 0.01: 0.2133938706015891, 0.001: 0.1543700340522134}}, 'upright (joint_up)': {'n_pairs': 1000, 'n_max_trajs': 560, 'n_min_trajs': 280, 'n_nonempty_hist': {0: 53, 1: 0, 2: 947}, 'n_both_nonempty': 947, 'n_ttest_run': 939, 'n_significant': {0.05: 89, 0.01: 11, 0.001: 0}, 'frac_significant': {0.05: 0.09478168264110756, 0.01: 0.011714589989350373, 0.001: 0.0}}}","{'sim_only': {'laptop (computer_dist)': {'n_pairs': 1000, 'n_max_trajs': 56, 'n_min_trajs': 448, 'n_nonempty_hist': {0: 23, 1: 0, 2: 977}, 'n_both_nonempty': 977, 'n_ttest_run': 881, 'n_significant': {0.05: 319, 0.01: 188, 0.001: 136}, 'frac_significant': {0.05: 0.3620885357548241, 0.01: 0.2133938706015891, 0.001: 0.1543700340522134}}, 'upright (joint_up)': {'n_pairs': 1000, 'n_max_trajs': 560, 'n_min_trajs': 280, 'n_nonempty_hist': {0: 53, 1: 0, 2: 947}, 'n_both_nonempty': 947, 'n_ttest_run': 939, 'n_significant': {0.05: 89, 0.01: 11, 0.001: 0}, 'frac_significant': {0.05: 0.09478168264110756, 0.01: 0.011714589989350373, 0.001: 0.0}}}}"
1,True,16,results/ljts_triplet/random_1785953024.pth,"{'laptop (computer_dist)': {'n_pairs': 1000, 'n_max_trajs': 56, 'n_min_trajs': 448, 'n_nonempty_hist': {0: 17, 1: 0, 2: 983}, 'n_both_nonempty': 983, 'n_ttest_run': 816, 'n_significant': {0.05: 210, 0.01: 153, 0.001: 101}, 'frac_significant': {0.05: 0.25735294117647056, 0.01: 0.1875, 0.001: 0.12377450980392157}}, 'upright (joint_up)': {'n_pairs': 1000, 'n_max_trajs': 560, 'n_min_trajs': 280, 'n_nonempty_hist': {0: 26, 1: 3, 2: 971}, 'n_both_nonempty': 971, 'n_ttest_run': 971, 'n_significant': {0.05: 79, 0.01: 3, 0.001: 0}, 'frac_significant': {0.05: 0.08135942327497425, 0.01: 0.003089598352214212, 0.001: 0.0}}}","{'sim_only': {'laptop (computer_dist)': {'n_pairs': 1000, 'n_max_trajs': 56, 'n_min_trajs': 448, 'n_nonempty_hist': {0: 17, 1: 0, 2: 983}, 'n_both_nonempty': 983, 'n_ttest_run': 816, 'n_significant': {0.05: 210, 0.01: 153, 0.001: 101}, 'frac_significant': {0.05: 0.25735294117647056, 0.01: 0.1875, 0.001: 0.12377450980392157}}, 'upright (joint_up)': {'n_pairs': 1000, 'n_max_trajs': 560, 'n_min_trajs': 280, 'n_nonempty_hist': {0: 26, 1: 3, 2: 971}, 'n_both_nonempty': 971, 'n_ttest_run': 971, 'n_significant': {0.05: 79, 0.01: 3, 0.001: 0}, 'frac_significant': {0.05: 0.08135942327497425, 0.01: 0.003089598352214212, 0.001: 0.0}}}}"
2,True,16,results/ljts_triplet/random_1785953034.pth,"{'laptop (computer_dist)': {'n_pairs': 1000, 'n_max_trajs': 56, 'n_min_trajs': 448, 'n_nonempty_hist': {0: 18, 1: 1, 2: 981}, 'n_both_nonempty': 981, 'n_ttest_run': 907, 'n_significant': {0.05: 301, 0.01: 235, 0.001: 175}, 'frac_significant': {0.05: 0.3318632855567806, 0.01: 0.25909592061742004, 0.001: 0.19294377067254687}}, 'upright (joint_up)': {'n_pairs': 1000, 'n_max_trajs': 560, 'n_min_trajs': 280, 'n_nonempty_hist': {0: 38, 1: 4, 2: 958}, 'n_both_nonempty': 958, 'n_ttest_run': 958, 'n_significant': {0.05: 137, 0.01: 43, 0.001: 0}, 'frac_significant': {0.05: 0.1430062630480167, 0.01: 0.04488517745302714, 0.001: 0.0}}}","{'sim_only': {'laptop (computer_dist)': {'n_pairs': 1000, 'n_max_trajs': 56, 'n_min_trajs': 448, 'n_nonempty_hist': {0: 18, 1: 1, 2: 981}, 'n_both_nonempty': 981, 'n_ttest_run': 907, 'n_significant': {0.05: 301, 0.01: 235, 0.001: 175}, 'frac_significant': {0.05: 0.3318632855567806, 0.01: 0.25909592061742004, 0.001: 0.19294377067254687}}, 'upright (joint_up)': {'n_pairs': 1000, 'n_max_trajs': 560, 'n_min_trajs': 280, 'n_nonempty_hist': {0: 38, 1: 4, 2: 958}, 'n_both_nonempty': 958, 'n_ttest_run': 958, 'n_significant': {0.05: 137, 0.01: 43, 0.001: 0}, 'frac_significant': {0.05: 0.1430062630480167, 0.01: 0.04488517745302714, 0.001: 0.0}}}}"
0,True,32,results/ljts_triplet/random_1785953044.pth,"{'laptop (computer_dist)': {'n_pairs': 1000, 'n_max_trajs': 56, 'n_min_trajs': 448, 'n_nonempty_hist': {0: 0, 1: 0, 2: 1000}, 'n_both_nonempty': 1000, 'n_ttest_run': 929, 'n_significant': {0.05: 542, 0.01: 429, 0.001: 275}, 'frac_significant': {0.05: 0.5834230355220668, 0.01: 0.46178686759956944, 0.001: 0.2960172228202368}}, 'upright (joint_up)': {'n_pairs': 1000, 'n_max_trajs': 560, 'n_min_trajs': 280, 'n_nonempty_hist': {0: 8, 1: 0, 2: 992}, 'n_both_nonempty': 992, 'n_ttest_run': 984, 'n_significant': {0.05: 153, 0.01: 31, 0.001: 0}, 'frac_significant': {0.05: 0.15548780487804878, 0.01: 0.031504065040650404, 0.001: 0.0}}}","{'sim_only': {'laptop (computer_dist)': {'n_pairs': 1000, 'n_max_trajs': 56, 'n_min_trajs': 448, 'n_nonempty_hist': {0: 0, 1: 0, 2: 1000}, 'n_both_nonempty': 1000, 'n_ttest_run': 929, 'n_significant': {0.05: 542, 0.01: 429, 0.001: 275}, 'frac_significant': {0.05: 0.5834230355220668, 0.01: 0.46178686759956944, 0.001: 0.2960172228202368}}, 'upright (joint_up)': {'n_pairs': 1000, 'n_max_trajs': 560, 'n_min_trajs': 280, 'n_nonempty_hist': {0: 8, 1: 0, 2: 992}, 'n_both_nonempty': 992, 'n_ttest_run': 984, 'n_significant': {0.05: 153, 0.01: 31, 0.001: 0}, 'frac_significant': {0.05: 0.15548780487804878, 0.01: 0.031504065040650404, 0.001: 0.0}}}}"
1,True,32,results/ljts_triplet/random_1785953053.pth,"{'laptop (computer_dist)': {'n_pairs': 1000, 'n_max_trajs': 56, 'n_min_trajs': 448, 'n_nonempty_hist': {0: 10, 1: 0, 2: 990}, 'n_both_nonempty': 990, 'n_ttest_run': 871, 'n_significant': {0.05: 340, 0.01: 247, 0.001: 139}, 'frac_significant': {0.05: 0.39035591274397247, 0.01: 0.2835820895522388, 0.001: 0.15958668197474168}}, 'upright (joint_up)': {'n_pairs': 1000, 'n_max_trajs': 560, 'n_min_trajs': 280, 'n_nonempty_hist': {0: 25, 1: 0, 2: 975}, 'n_both_nonempty': 975, 'n_ttest_run': 975, 'n_significant': {0.05: 133, 0.01: 25, 0.001: 0}, 'frac_significant': {0.05: 0.13641025641025642, 0.01: 0.02564102564102564, 0.001: 0.0}}}","{'sim_only': {'laptop (computer_dist)': {'n_pairs': 1000, 'n_max_trajs': 56, 'n_min_trajs': 448, 'n_nonempty_hist': {0: 10, 1: 0, 2: 990}, 'n_both_nonempty': 990, 'n_ttest_run': 871, 'n_significant': {0.05: 340, 0.01: 247, 0.001: 139}, 'frac_significant': {0.05: 0.39035591274397247, 0.01: 0.2835820895522388, 0.001: 0.15958668197474168}}, 'upright (joint_up)': {'n_pairs': 1000, 'n_max_trajs': 560, 'n_min_trajs': 280, 'n_nonempty_hist': {0: 25, 1: 0, 2: 975}, 'n_both_nonempty': 975, 'n_ttest_run': 975, 'n_significant': {0.05: 133, 0.01: 25, 0.001: 0}, 'frac_significant': {0.05: 0.13641025641025642, 0.01: 0.02564102564102564, 0.001: 0.0}}}}"
2,True,32,results/ljts_triplet/random_1785953063.pth,"{'laptop (computer_dist)': {'n_pairs': 1000, 'n_max_trajs': 56, 'n_min_trajs': 448, 'n_nonempty_hist': {0: 5, 1: 0, 2: 995}, 'n_both_nonempty': 995, 'n_ttest_run': 923, 'n_significant': {0.05: 509, 0.01: 414, 0.001: 235}, 'frac_significant': {0.05: 0.551462621885157, 0.01: 0.4485373781148429, 0.001: 0.25460455037919827}}, 'upright (joint_up)': {'n_pairs': 1000, 'n_max_trajs': 560, 'n_min_trajs': 280, 'n_nonempty_hist': {0: 8, 1: 0, 2: 992}, 'n_both_nonempty': 992, 'n_ttest_run': 990, 'n_significant': {0.05: 134, 0.01: 20, 0.001: 0}, 'frac_significant': {0.05: 0.13535353535353536, 0.01: 0.020202020202020204, 0.001: 0.0}}}","{'sim_only': {'laptop (computer_dist)': {'n_pairs': 1000, 'n_max_trajs': 56, 'n_min_trajs': 448, 'n_nonempty_hist': {0: 5, 1: 0, 2: 995}, 'n_both_nonempty': 995, 'n_ttest_run': 923, 'n_significant': {0.05: 509, 0.01: 414, 0.001: 235}, 'frac_significant': {0.05: 0.551462621885157, 0.01: 0.4485373781148429, 0.001: 0.25460455037919827}}, 'upright (joint_up)': {'n_pairs': 1000, 'n_max_trajs': 560, 'n_min_trajs': 280, 'n_nonempty_hist': {0: 8, 1: 0, 2: 992}, 'n_both_nonempty': 992, 'n_ttest_run': 990, 'n_significant': {0.05: 134, 0.01: 20, 0.001: 0}, 'frac_significant': {0.05: 0.13535353535353536, 0.01: 0.020202020202020204, 0.001: 0.0}}}}"
0,True,64,results/ljts_triplet/random_1785953073.pth,"{'laptop (computer_dist)': {'n_pairs': 1000, 'n_max_trajs': 56, 'n_min_trajs': 448, 'n_nonempty_hist': {0: 0, 1: 0, 2: 1000}, 'n_both_nonempty': 1000, 'n_ttest_run': 951, 'n_significant': {0.05: 406, 0.01: 329, 0.001: 224}, 'frac_significant': {0.05: 0.42691903259726605, 0.01: 0.3459516298633018, 0.001: 0.23554153522607782}}, 'upright (joint_up)': {'n_pairs': 1000, 'n_max_trajs': 560, 'n_min_trajs': 280, 'n_nonempty_hist': {0: 14, 1: 0, 2: 986}, 'n_both_nonempty': 986, 'n_ttest_run': 979, 'n_significant': {0.05: 142, 0.01: 32, 0.001: 0}, 'frac_significant': {0.05: 0.14504596527068436, 0.01: 0.03268641470888662, 0.001: 0.0}}}","{'sim_only': {'laptop (computer_dist)': {'n_pairs': 1000, 'n_max_trajs': 56, 'n_min_trajs': 448, 'n_nonempty_hist': {0: 0, 1: 0, 2: 1000}, 'n_both_nonempty': 1000, 'n_ttest_run': 951, 'n_significant': {0.05: 406, 0.01: 329, 0.001: 224}, 'frac_significant': {0.05: 0.42691903259726605, 0.01: 0.3459516298633018, 0.001: 0.23554153522607782}}, 'upright (joint_up)': {'n_pairs': 1000, 'n_max_trajs': 560, 'n_min_trajs': 280, 'n_nonempty_hist': {0: 14, 1: 0, 2: 986}, 'n_both_nonempty': 986, 'n_ttest_run': 979, 'n_significant': {0.05: 142, 0.01: 32, 0.001: 0}, 'frac_significant': {0.05: 0.14504596527068436, 0.01: 0.03268641470888662, 0.001: 0.0}}}}"
1,True,64,results/ljts_triplet/random_1785953084.pth,"{'laptop (computer_dist)': {'n_pairs': 1000, 'n_max_trajs': 56, 'n_min_trajs': 448, 'n_nonempty_hist': {0: 2, 1: 0, 2: 998}, 'n_both_nonempty': 998, 'n_ttest_run': 874, 'n_significant': {0.05: 352, 0.01: 265, 0.001: 172}, 'frac_significant': {0.05: 0.40274599542334094, 0.01: 0.30320366132723114, 0.001: 0.19679633867276888}}, 'upright (joint_up)': {'n_pairs': 1000, 'n_max_trajs': 560, 'n_min_trajs': 280, 'n_nonempty_hist': {0: 6, 1: 0, 2: 994}, 'n_both_nonempty': 994, 'n_ttest_run': 993, 'n_significant': {0.05: 146, 0.01: 38, 0.001: 0}, 'frac_significant': {0.05: 0.1470292044310171, 0.01: 0.038267875125881166, 0.001: 0.0}}}","{'sim_only': {'laptop (computer_dist)': {'n_pairs': 1000, 'n_max_trajs': 56, 'n_min_trajs': 448, 'n_nonempty_hist': {0: 2, 1: 0, 2: 998}, 'n_both_nonempty': 998, 'n_ttest_run': 874, 'n_significant': {0.05: 352, 0.01: 265, 0.001: 172}, 'frac_significant': {0.05: 0.40274599542334094, 0.01: 0.30320366132723114, 0.001: 0.19679633867276888}}, 'upright (joint_up)': {'n_pairs': 1000, 'n_max_trajs': 560, 'n_min_trajs': 280, 'n_nonempty_hist': {0: 6, 1: 0, 2: 994}, 'n_both_nonempty': 994, 'n_ttest_run': 993, 'n_significant': {0.05: 146, 0.01: 38, 0.001: 0}, 'frac_significant': {0.05: 0.1470292044310171, 0.01: 0.038267875125881166, 0.001: 0.0}}}}"
2,True,64,results/ljts_triplet/random_1785953094.pth,"{'laptop (computer_dist)': {'n_pairs': 1000, 'n_max_trajs': 56, 'n_min_trajs': 448, 'n_nonempty_hist': {0: 12, 1: 0, 2: 988}, 'n_both_nonempty': 988, 'n_ttest_run': 928, 'n_significant': {0.05: 436, 0.01: 327, 0.001: 254}, 'frac_significant': {0.05: 0.4698275862068966, 0.01: 0.35237068965517243, 0.001: 0.27370689655172414}}, 'upright (joint_up)': {'n_pairs': 1000, 'n_max_trajs': 560, 'n_min_trajs': 280, 'n_nonempty_hist': {0: 16, 1: 0, 2: 984}, 'n_both_nonempty': 984, 'n_ttest_run': 980, 'n_significant': {0.05: 119, 0.01: 13, 0.001: 0}, 'frac_significant': {0.05: 0.12142857142857143, 0.01: 0.013265306122448979, 0.001: 0.0}}}","{'sim_only': {'laptop (computer_dist)': {'n_pairs': 1000, 'n_max_trajs': 56, 'n_min_trajs': 448, 'n_nonempty_hist': {0: 12, 1: 0, 2: 988}, 'n_both_nonempty': 988, 'n_ttest_run': 928, 'n_significant': {0.05: 436, 0.01: 327, 0.001: 254}, 'frac_significant': {0.05: 0.4698275862068966, 0.01: 0.35237068965517243, 0.001: 0.27370689655172414}}, 'upright (joint_up)': {'n_pairs': 1000, 'n_max_trajs': 560, 'n_min_trajs': 280, 'n_nonempty_hist': {0: 16, 1: 0, 2: 984}, 'n_both_nonempty': 984, 'n_ttest_run': 980, 'n_significant': {0.05: 119, 0.01: 13, 0.001: 0}, 'frac_significant': {0.05: 0.12142857142857143, 0.01: 0.013265306122448979, 0.001: 0.0}}}}"
0,True,128,results/ljts_triplet/random_1785953104.pth,"{'laptop (computer_dist)': {'n_pairs': 1000, 'n_max_trajs': 56, 'n_min_trajs': 448, 'n_nonempty_hist': {0: 0, 1: 0, 2: 1000}, 'n_both_nonempty': 1000, 'n_ttest_run': 879, 'n_significant': {0.05: 537, 0.01: 442, 0.001: 304}, 'frac_significant': {0.05: 0.6109215017064846, 0.01: 0.502844141069397, 0.001: 0.34584755403868034}}, 'upright (joint_up)': {'n_pairs': 1000, 'n_max_trajs': 560, 'n_min_trajs': 280, 'n_nonempty_hist': {0: 3, 1: 0, 2: 997}, 'n_both_nonempty': 997, 'n_ttest_run': 992, 'n_significant': {0.05: 168, 0.01: 39, 0.001: 0}, 'frac_significant': {0.05: 0.1693548387096774, 0.01: 0.03931451612903226, 0.001: 0.0}}}","{'sim_only': {'laptop (computer_dist)': {'n_pairs': 1000, 'n_max_trajs': 56, 'n_min_trajs': 448, 'n_nonempty_hist': {0: 0, 1: 0, 2: 1000}, 'n_both_nonempty': 1000, 'n_ttest_run': 879, 'n_significant': {0.05: 537, 0.01: 442, 0.001: 304}, 'frac_significant': {0.05: 0.6109215017064846, 0.01: 0.502844141069397, 0.001: 0.34584755403868034}}, 'upright (joint_up)': {'n_pairs': 1000, 'n_max_trajs': 560, 'n_min_trajs': 280, 'n_nonempty_hist': {0: 3, 1: 0, 2: 997}, 'n_both_nonempty': 997, 'n_ttest_run': 992, 'n_significant': {0.05: 168, 0.01: 39, 0.001: 0}, 'frac_significant': {0.05: 0.1693548387096774, 0.01: 0.03931451612903226, 0.001: 0.0}}}}"
1,True,128,results/ljts_triplet/random_1785953115.pth,"{'laptop (computer_dist)': {'n_pairs': 1000, 'n_max_trajs': 56, 'n_min_trajs': 448, 'n_nonempty_hist': {0: 0, 1: 0, 2: 1000}, 'n_both_nonempty': 1000, 'n_ttest_run': 935, 'n_significant': {0.05: 479, 0.01: 378, 0.001: 263}, 'frac_significant': {0.05: 0.5122994652406417, 0.01: 0.4042780748663102, 0.001: 0.2812834224598931}}, 'upright (joint_up)': {'n_pairs': 1000, 'n_max_trajs': 560, 'n_min_trajs': 280, 'n_nonempty_hist': {0: 7, 1: 0, 2: 993}, 'n_both_nonempty': 993, 'n_ttest_run': 987, 'n_significant': {0.05: 166, 0.01: 29, 0.001: 0}, 'frac_significant': {0.05: 0.16818642350557245, 0.01: 0.029381965552178316, 0.001: 0.0}}}","{'sim_only': {'laptop (computer_dist)': {'n_pairs': 1000, 'n_max_trajs': 56, 'n_min_trajs': 448, 'n_nonempty_hist': {0: 0, 1: 0, 2: 1000}, 'n_both_nonempty': 1000, 'n_ttest_run': 935, 'n_significant': {0.05: 479, 0.01: 378, 0.001: 263}, 'frac_significant': {0.05: 0.5122994652406417, 0.01: 0.4042780748663102, 0.001: 0.2812834224598931}}, 'upright (joint_up)': {'n_pairs': 1000, 'n_max_trajs': 560, 'n_min_trajs': 280, 'n_nonempty_hist': {0: 7, 1: 0, 2: 993}, 'n_both_nonempty': 993, 'n_ttest_run': 987, 'n_significant': {0.05: 166, 0.01: 29, 0.001: 0}, 'frac_significant': {0.05: 0.16818642350557245, 0.01: 0.029381965552178316, 0.001: 0.0}}}}"
2,True,128,results/ljts_triplet/random_1785953126.pth,"{'laptop (computer_dist)': {'n_pairs': 1000, 'n_max_trajs': 56, 'n_min_trajs': 448, 'n_nonempty_hist': {0: 2, 1: 0, 2: 998}, 'n_both_nonempty': 998, 'n_ttest_run': 940, 'n_significant': {0.05: 559, 0.01: 405, 0.001: 219}, 'frac_significant': {0.05: 0.5946808510638298, 0.01: 0.4308510638297872, 0.001: 0.23297872340425532}}, 'upright (joint_up)': {'n_pairs': 1000, 'n_max_trajs': 560, 'n_min_trajs': 280, 'n_nonempty_hist': {0: 2, 1: 0, 2: 998}, 'n_both_nonempty': 998, 'n_ttest_run': 997, 'n_significant': {0.05: 125, 0.01: 17, 0.001: 0}, 'frac_significant': {0.05: 0.12537612838515547, 0.01: 0.017051153460381142, 0.001: 0.0}}}","{'sim_only': {'laptop (computer_dist)': {'n_pairs': 1000, 'n_max_trajs': 56, 'n_min_trajs': 448, 'n_nonempty_hist': {0: 2, 1: 0, 2: 998}, 'n_both_nonempty': 998, 'n_ttest_run': 940, 'n_significant': {0.05: 559, 0.01: 405, 0.001: 219}, 'frac_significant': {0.05: 0.5946808510638298, 0.01: 0.4308510638297872, 0.001: 0.23297872340425532}}, 'upright (joint_up)': {'n_pairs': 1000, 'n_max_trajs': 560, 'n_min_trajs': 280, 'n_nonempty_hist': {0: 2, 1: 0, 2: 998}, 'n_both_nonempty': 998, 'n_ttest_run': 997, 'n_significant': {0.05: 125, 0.01: 17, 0.001: 0}, 'frac_significant': {0.05: 0.12537612838515547, 0.01: 0.017051153460381142, 0.001: 0.0}}}}"
0,True,256,results/ljts_triplet/random_1785953138.pth,"{'laptop (computer_dist)': {'n_pairs': 1000, 'n_max_trajs': 56, 'n_min_trajs': 448, 'n_nonempty_hist': {0: 0, 1: 0, 2: 1000}, 'n_both_nonempty': 1000, 'n_ttest_run': 912, 'n_significant': {0.05: 527, 0.01: 464, 0.001: 333}, 'frac_significant': {0.05: 0.5778508771929824, 0.01: 0.5087719298245614, 0.001: 0.3651315789473684}}, 'upright (joint_up)': {'n_pairs': 1000, 'n_max_trajs': 560, 'n_min_trajs': 280, 'n_nonempty_hist': {0: 2, 1: 0, 2: 998}, 'n_both_nonempty': 998, 'n_ttest_run': 998, 'n_significant': {0.05: 135, 0.01: 20, 0.001: 0}, 'frac_significant': {0.05: 0.13527054108216433, 0.01: 0.02004008016032064, 0.001: 0.0}}}","{'sim_only': {'laptop (computer_dist)': {'n_pairs': 1000, 'n_max_trajs': 56, 'n_min_trajs': 448, 'n_nonempty_hist': {0: 0, 1: 0, 2: 1000}, 'n_both_nonempty': 1000, 'n_ttest_run': 912, 'n_significant': {0.05: 527, 0.01: 464, 0.001: 333}, 'frac_significant': {0.05: 0.5778508771929824, 0.01: 0.5087719298245614, 0.001: 0.3651315789473684}}, 'upright (joint_up)': {'n_pairs': 1000, 'n_max_trajs': 560, 'n_min_trajs': 280, 'n_nonempty_hist': {0: 2, 1: 0, 2: 998}, 'n_both_nonempty': 998, 'n_ttest_run': 998, 'n_significant': {0.05: 135, 0.01: 20, 0.001: 0}, 'frac_significant': {0.05: 0.13527054108216433, 0.01: 0.02004008016032064, 0.001: 0.0}}}}"
1,True,256,results/ljts_triplet/random_1785953152.pth,"{'laptop (computer_dist)': {'n_pairs': 1000, 'n_max_trajs': 56, 'n_min_trajs': 448, 'n_nonempty_hist': {0: 0, 1: 0, 2: 1000}, 'n_both_nonempty': 1000, 'n_ttest_run': 936, 'n_significant': {0.05: 608, 0.01: 509, 0.001: 337}, 'frac_significant': {0.05: 0.6495726495726496, 0.01: 0.5438034188034188, 0.001: 0.36004273504273504}}, 'upright (joint_up)': {'n_pairs': 1000, 'n_max_trajs': 560, 'n_min_trajs': 280, 'n_nonempty_hist': {0: 2, 1: 0, 2: 998}, 'n_both_nonempty': 998, 'n_ttest_run': 997, 'n_significant': {0.05: 145, 0.01: 15, 0.001: 0}, 'frac_significant': {0.05: 0.14543630892678033, 0.01: 0.015045135406218655, 0.001: 0.0}}}","{'sim_only': {'laptop (computer_dist)': {'n_pairs': 1000, 'n_max_trajs': 56, 'n_min_trajs': 448, 'n_nonempty_hist': {0: 0, 1: 0, 2: 1000}, 'n_both_nonempty': 1000, 'n_ttest_run': 936, 'n_significant': {0.05: 608, 0.01: 509, 0.001: 337}, 'frac_significant': {0.05: 0.6495726495726496, 0.01: 0.5438034188034188, 0.001: 0.36004273504273504}}, 'upright (joint_up)': {'n_pairs': 1000, 'n_max_trajs': 560, 'n_min_trajs': 280, 'n_nonempty_hist': {0: 2, 1: 0, 2: 998}, 'n_both_nonempty': 998, 'n_ttest_run': 997, 'n_significant': {0.05: 145, 0.01: 15, 0.001: 0}, 'frac_significant': {0.05: 0.14543630892678033, 0.01: 0.015045135406218655, 0.001: 0.0}}}}"
2,True,256,results/ljts_triplet/random_1785953166.pth,"{'laptop (computer_dist)': {'n_pairs': 1000, 'n_max_trajs': 56, 'n_min_trajs': 448, 'n_nonempty_hist': {0: 0, 1: 0, 2: 1000}, 'n_both_nonempty': 1000, 'n_ttest_run': 899, 'n_significant': {0.05: 560, 0.01: 488, 0.001: 355}, 'frac_significant': {0.05: 0.6229143492769744, 0.01: 0.542825361512792, 0.001: 0.39488320355951056}}, 'upright (joint_up)': {'n_pairs': 1000, 'n_max_trajs': 560, 'n_min_trajs': 280, 'n_nonempty_hist': {0: 14, 1: 0, 2: 986}, 'n_both_nonempty': 986, 'n_ttest_run': 982, 'n_significant': {0.05: 147, 0.01: 16, 0.001: 0}, 'frac_significant': {0.05: 0.14969450101832993, 0.01: 0.016293279022403257, 0.001: 0.0}}}","{'sim_only': {'laptop (computer_dist)': {'n_pairs': 1000, 'n_max_trajs': 56, 'n_min_trajs': 448, 'n_nonempty_hist': {0: 0, 1: 0, 2: 1000}, 'n_both_nonempty': 1000, 'n_ttest_run': 899, 'n_significant': {0.05: 560, 0.01: 488, 0.001: 355}, 'frac_significant': {0.05: 0.6229143492769744, 0.01: 0.542825361512792, 0.001: 0.39488320355951056}}, 'upright (joint_up)': {'n_pairs': 1000, 'n_max_trajs': 560, 'n_min_trajs': 280, 'n_nonempty_hist': {0: 14, 1: 0, 2: 986}, 'n_both_nonempty': 986, 'n_ttest_run': 982, 'n_significant': {0.05: 147, 0.01: 16, 0.001: 0}, 'frac_significant': {0.05: 0.14969450101832993, 0.01: 0.016293279022403257, 0.001: 0.0}}}}"
0,False,2,results/ljts_triplet/random_1785953180.pth,"{'laptop (computer_dist)': {'n_pairs': 1000, 'n_max_trajs': 56, 'n_min_trajs': 448, 'n_nonempty_hist': {0: 212, 1: 702, 2: 86}, 'n_both_nonempty': 86, 'n_ttest_run': 86, 'n_significant': {0.05: 0, 0.01: 0, 0.001: 0}, 'frac_significant': {0.05: 0.0, 0.01: 0.0, 0.001: 0.0}}, 'upright (joint_up)': {'n_pairs': 1000, 'n_max_trajs': 560, 'n_min_trajs': 280, 'n_nonempty_hist': {0: 272, 1: 658, 2: 70}, 'n_both_nonempty': 70, 'n_ttest_run': 70, 'n_significant': {0.05: 0, 0.01: 0, 0.001: 0}, 'frac_significant': {0.05: 0.0, 0.01: 0.0, 0.001: 0.0}}}","{'sim_only': {'laptop (computer_dist)': {'n_pairs': 1000, 'n_max_trajs': 56, 'n_min_trajs': 448, 'n_nonempty_hist': {0: 212, 1: 702, 2: 86}, 'n_both_nonempty': 86, 'n_ttest_run': 86, 'n_significant': {0.05: 0, 0.01: 0, 0.001: 0}, 'frac_significant': {0.05: 0.0, 0.01: 0.0, 0.001: 0.0}}, 'upright (joint_up)': {'n_pairs': 1000, 'n_max_trajs': 560, 'n_min_trajs': 280, 'n_nonempty_hist': {0: 272, 1: 658, 2: 70}, 'n_both_nonempty': 70, 'n_ttest_run': 70, 'n_significant': {0.05: 0, 0.01: 0, 0.001: 0}, 'frac_significant': {0.05: 0.0, 0.01: 0.0, 0.001: 0.0}}}}"
1,False,2,results/ljts_triplet/random_1785953186.pth,"{'laptop (computer_dist)': {'n_pairs': 1000, 'n_max_trajs': 56, 'n_min_trajs': 448, 'n_nonempty_hist': {0: 241, 1: 592, 2: 167}, 'n_both_nonempty': 167, 'n_ttest_run': 167, 'n_significant': {0.05: 82, 0.01: 82, 0.001: 0}, 'frac_significant': {0.05: 0.49101796407185627, 0.01: 0.49101796407185627, 0.001: 0.0}}, 'upright (joint_up)': {'n_pairs': 1000, 'n_max_trajs': 560, 'n_min_trajs': 280, 'n_nonempty_hist': {0: 257, 1: 531, 2: 212}, 'n_both_nonempty': 212, 'n_ttest_run': 212, 'n_significant': {0.05: 93, 0.01: 0, 0.001: 0}, 'frac_significant': {0.05: 0.4386792452830189, 0.01: 0.0, 0.001: 0.0}}}","{'sim_only': {'laptop (computer_dist)': {'n_pairs': 1000, 'n_max_trajs': 56, 'n_min_trajs': 448, 'n_nonempty_hist': {0: 241, 1: 592, 2: 167}, 'n_both_nonempty': 167, 'n_ttest_run': 167, 'n_significant': {0.05: 82, 0.01: 82, 0.001: 0}, 'frac_significant': {0.05: 0.49101796407185627, 0.01: 0.49101796407185627, 0.001: 0.0}}, 'upright (joint_up)': {'n_pairs': 1000, 'n_max_trajs': 560, 'n_min_trajs': 280, 'n_nonempty_hist': {0: 257, 1: 531, 2: 212}, 'n_both_nonempty': 212, 'n_ttest_run': 212, 'n_significant': {0.05: 93, 0.01: 0, 0.001: 0}, 'frac_significant': {0.05: 0.4386792452830189, 0.01: 0.0, 0.001: 0.0}}}}"
2,False,2,results/ljts_triplet/random_1785953192.pth,"{'laptop (computer_dist)': {'n_pairs': 1000, 'n_max_trajs': 56, 'n_min_trajs': 448, 'n_nonempty_hist': {0: 268, 1: 464, 2: 268}, 'n_both_nonempty': 268, 'n_ttest_run': 0, 'n_significant': {0.05: 0, 0.01: 0, 0.001: 0}, 'frac_significant': {0.05: 0.0, 0.01: 0.0, 0.001: 0.0}}, 'upright (joint_up)': {'n_pairs': 1000, 'n_max_trajs': 560, 'n_min_trajs': 280, 'n_nonempty_hist': {0: 261, 1: 525, 2: 214}, 'n_both_nonempty': 214, 'n_ttest_run': 214, 'n_significant': {0.05: 0, 0.01: 0, 0.001: 0}, 'frac_significant': {0.05: 0.0, 0.01: 0.0, 0.001: 0.0}}}","{'sim_only': {'laptop (computer_dist)': {'n_pairs': 1000, 'n_max_trajs': 56, 'n_min_trajs': 448, 'n_nonempty_hist': {0: 268, 1: 464, 2: 268}, 'n_both_nonempty': 268, 'n_ttest_run': 0, 'n_significant': {0.05: 0, 0.01: 0, 0.001: 0}, 'frac_significant': {0.05: 0.0, 0.01: 0.0, 0.001: 0.0}}, 'upright (joint_up)': {'n_pairs': 1000, 'n_max_trajs': 560, 'n_min_trajs': 280, 'n_nonempty_hist': {0: 261, 1: 525, 2: 214}, 'n_both_nonempty': 214, 'n_ttest_run': 214, 'n_significant': {0.05: 0, 0.01: 0, 0.001: 0}, 'frac_significant': {0.05: 0.0, 0.01: 0.0, 0.001: 0.0}}}}"
0,False,4,results/ljts_triplet/random_1785953197.pth,"{'laptop (computer_dist)': {'n_pairs': 1000, 'n_max_trajs': 56, 'n_min_trajs': 448, 'n_nonempty_hist': {0: 65, 1: 751, 2: 184}, 'n_both_nonempty': 184, 'n_ttest_run': 184, 'n_significant': {0.05: 84, 0.01: 84, 0.001: 71}, 'frac_significant': {0.05: 0.45652173913043476, 0.01: 0.45652173913043476, 0.001: 0.3858695652173913}}, 'upright (joint_up)': {'n_pairs': 1000, 'n_max_trajs': 560, 'n_min_trajs': 280, 'n_nonempty_hist': {0: 76, 1: 628, 2: 296}, 'n_both_nonempty': 296, 'n_ttest_run': 296, 'n_significant': {0.05: 25, 0.01: 0, 0.001: 0}, 'frac_significant': {0.05: 0.08445945945945946, 0.01: 0.0, 0.001: 0.0}}}","{'sim_only': {'laptop (computer_dist)': {'n_pairs': 1000, 'n_max_trajs': 56, 'n_min_trajs': 448, 'n_nonempty_hist': {0: 65, 1: 751, 2: 184}, 'n_both_nonempty': 184, 'n_ttest_run': 184, 'n_significant': {0.05: 84, 0.01: 84, 0.001: 71}, 'frac_significant': {0.05: 0.45652173913043476, 0.01: 0.45652173913043476, 0.001: 0.3858695652173913}}, 'upright (joint_up)': {'n_pairs': 1000, 'n_max_trajs': 560, 'n_min_trajs': 280, 'n_nonempty_hist': {0: 76, 1: 628, 2: 296}, 'n_both_nonempty': 296, 'n_ttest_run': 296, 'n_significant': {0.05: 25, 0.01: 0, 0.001: 0}, 'frac_significant': {0.05: 0.08445945945945946, 0.01: 0.0, 0.001: 0.0}}}}"
1,False,4,results/ljts_triplet/random_1785953203.pth,"{'laptop (computer_dist)': {'n_pairs': 1000, 'n_max_trajs': 56, 'n_min_trajs': 448, 'n_nonempty_hist': {0: 95, 1: 531, 2: 374}, 'n_both_nonempty': 374, 'n_ttest_run': 374, 'n_significant': {0.05: 67, 0.01: 67, 0.001: 16}, 'frac_significant': {0.05: 0.17914438502673796, 0.01: 0.17914438502673796, 0.001: 0.0427807486631016}}, 'upright (joint_up)': {'n_pairs': 1000, 'n_max_trajs': 560, 'n_min_trajs': 280, 'n_nonempty_hist': {0: 122, 1: 443, 2: 435}, 'n_both_nonempty': 435, 'n_ttest_run': 435, 'n_significant': {0.05: 68, 0.01: 2, 0.001: 0}, 'frac_significant': {0.05: 0.15632183908045977, 0.01: 0.004597701149425287, 0.001: 0.0}}}","{'sim_only': {'laptop (computer_dist)': {'n_pairs': 1000, 'n_max_trajs': 56, 'n_min_trajs': 448, 'n_nonempty_hist': {0: 95, 1: 531, 2: 374}, 'n_both_nonempty': 374, 'n_ttest_run': 374, 'n_significant': {0.05: 67, 0.01: 67, 0.001: 16}, 'frac_significant': {0.05: 0.17914438502673796, 0.01: 0.17914438502673796, 0.001: 0.0427807486631016}}, 'upright (joint_up)': {'n_pairs': 1000, 'n_max_trajs': 560, 'n_min_trajs': 280, 'n_nonempty_hist': {0: 122, 1: 443, 2: 435}, 'n_both_nonempty': 435, 'n_ttest_run': 435, 'n_significant': {0.05: 68, 0.01: 2, 0.001: 0}, 'frac_significant': {0.05: 0.15632183908045977, 0.01: 0.004597701149425287, 0.001: 0.0}}}}"
2,False,4,results/ljts_triplet/random_1785953209.pth,"{'laptop (computer_dist)': {'n_pairs': 1000, 'n_max_trajs': 56, 'n_min_trajs': 448, 'n_nonempty_hist': {0: 123, 1: 504, 2: 373}, 'n_both_nonempty': 373, 'n_ttest_run': 373, 'n_significant': {0.05: 70, 0.01: 29, 0.001: 5}, 'frac_significant': {0.05: 0.1876675603217158, 0.01: 0.0777479892761394, 0.001: 0.013404825737265416}}, 'upright (joint_up)': {'n_pairs': 1000, 'n_max_trajs': 560, 'n_min_trajs': 280, 'n_nonempty_hist': {0: 155, 1: 381, 2: 464}, 'n_both_nonempty': 464, 'n_ttest_run': 464, 'n_significant': {0.05: 102, 0.01: 0, 0.001: 0}, 'frac_significant': {0.05: 0.21982758620689655, 0.01: 0.0, 0.001: 0.0}}}","{'sim_only': {'laptop (computer_dist)': {'n_pairs': 1000, 'n_max_trajs': 56, 'n_min_trajs': 448, 'n_nonempty_hist': {0: 123, 1: 504, 2: 373}, 'n_both_nonempty': 373, 'n_ttest_run': 373, 'n_significant': {0.05: 70, 0.01: 29, 0.001: 5}, 'frac_significant': {0.05: 0.1876675603217158, 0.01: 0.0777479892761394, 0.001: 0.013404825737265416}}, 'upright (joint_up)': {'n_pairs': 1000, 'n_max_trajs': 560, 'n_min_trajs': 280, 'n_nonempty_hist': {0: 155, 1: 381, 2: 464}, 'n_both_nonempty': 464, 'n_ttest_run': 464, 'n_significant': {0.05: 102, 0.01: 0, 0.001: 0}, 'frac_significant': {0.05: 0.21982758620689655, 0.01: 0.0, 0.001: 0.0}}}}"
0,False,8,results/ljts_triplet/random_1785953215.pth,"{'laptop (computer_dist)': {'n_pairs': 1000, 'n_max_trajs': 56, 'n_min_trajs': 448, 'n_nonempty_hist': {0: 30, 1: 83, 2: 887}, 'n_both_nonempty': 887, 'n_ttest_run': 821, 'n_significant': {0.05: 301, 0.01: 235, 0.001: 155}, 'frac_significant': {0.05: 0.36662606577344703, 0.01: 0.2862362971985384, 0.001: 0.18879415347137637}}, 'upright (joint_up)': {'n_pairs': 1000, 'n_max_trajs': 560, 'n_min_trajs': 280, 'n_nonempty_hist': {0: 45, 1: 52, 2: 903}, 'n_both_nonempty': 903, 'n_ttest_run': 903, 'n_significant': {0.05: 130, 0.01: 19, 0.001: 0}, 'frac_significant': {0.05: 0.14396456256921372, 0.01: 0.021040974529346623, 0.001: 0.0}}}","{'sim_only': {'laptop (computer_dist)': {'n_pairs': 1000, 'n_max_trajs': 56, 'n_min_trajs': 448, 'n_nonempty_hist': {0: 30, 1: 83, 2: 887}, 'n_both_nonempty': 887, 'n_ttest_run': 821, 'n_significant': {0.05: 301, 0.01: 235, 0.001: 155}, 'frac_significant': {0.05: 0.36662606577344703, 0.01: 0.2862362971985384, 0.001: 0.18879415347137637}}, 'upright (joint_up)': {'n_pairs': 1000, 'n_max_trajs': 560, 'n_min_trajs': 280, 'n_nonempty_hist': {0: 45, 1: 52, 2: 903}, 'n_both_nonempty': 903, 'n_ttest_run': 903, 'n_significant': {0.05: 130, 0.01: 19, 0.001: 0}, 'frac_significant': {0.05: 0.14396456256921372, 0.01: 0.021040974529346623, 0.001: 0.0}}}}"
1,False,8,results/ljts_triplet/random_1785953221.pth,"{'laptop (computer_dist)': {'n_pairs': 1000, 'n_max_trajs': 56, 'n_min_trajs': 448, 'n_nonempty_hist': {0: 21, 1: 93, 2: 886}, 'n_both_nonempty': 886, 'n_ttest_run': 575, 'n_significant': {0.05: 196, 0.01: 136, 0.001: 79}, 'frac_significant': {0.05: 0.3408695652173913, 0.01: 0.23652173913043478, 0.001: 0.1373913043478261}}, 'upright (joint_up)': {'n_pairs': 1000, 'n_max_trajs': 560, 'n_min_trajs': 280, 'n_nonempty_hist': {0: 55, 1: 124, 2: 821}, 'n_both_nonempty': 821, 'n_ttest_run': 821, 'n_significant': {0.05: 135, 0.01: 5, 0.001: 0}, 'frac_significant': {0.05: 0.16443361753958588, 0.01: 0.0060901339829476245, 0.001: 0.0}}}","{'sim_only': {'laptop (computer_dist)': {'n_pairs': 1000, 'n_max_trajs': 56, 'n_min_trajs': 448, 'n_nonempty_hist': {0: 21, 1: 93, 2: 886}, 'n_both_nonempty': 886, 'n_ttest_run': 575, 'n_significant': {0.05: 196, 0.01: 136, 0.001: 79}, 'frac_significant': {0.05: 0.3408695652173913, 0.01: 0.23652173913043478, 0.001: 0.1373913043478261}}, 'upright (joint_up)': {'n_pairs': 1000, 'n_max_trajs': 560, 'n_min_trajs': 280, 'n_nonempty_hist': {0: 55, 1: 124, 2: 821}, 'n_both_nonempty': 821, 'n_ttest_run': 821, 'n_significant': {0.05: 135, 0.01: 5, 0.001: 0}, 'frac_significant': {0.05: 0.16443361753958588, 0.01: 0.0060901339829476245, 0.001: 0.0}}}}"
2,False,8,results/ljts_triplet/random_1785953227.pth,"{'laptop (computer_dist)': {'n_pairs': 1000, 'n_max_trajs': 56, 'n_min_trajs': 448, 'n_nonempty_hist': {0: 16, 1: 130, 2: 854}, 'n_both_nonempty': 854, 'n_ttest_run': 723, 'n_significant': {0.05: 221, 0.01: 182, 0.001: 33}, 'frac_significant': {0.05: 0.30567081604426005, 0.01: 0.2517289073305671, 0.001: 0.04564315352697095}}, 'upright (joint_up)': {'n_pairs': 1000, 'n_max_trajs': 560, 'n_min_trajs': 280, 'n_nonempty_hist': {0: 33, 1: 106, 2: 861}, 'n_both_nonempty': 861, 'n_ttest_run': 861, 'n_significant': {0.05: 60, 0.01: 0, 0.001: 0}, 'frac_significant': {0.05: 0.06968641114982578, 0.01: 0.0, 0.001: 0.0}}}","{'sim_only': {'laptop (computer_dist)': {'n_pairs': 1000, 'n_max_trajs': 56, 'n_min_trajs': 448, 'n_nonempty_hist': {0: 16, 1: 130, 2: 854}, 'n_both_nonempty': 854, 'n_ttest_run': 723, 'n_significant': {0.05: 221, 0.01: 182, 0.001: 33}, 'frac_significant': {0.05: 0.30567081604426005, 0.01: 0.2517289073305671, 0.001: 0.04564315352697095}}, 'upright (joint_up)': {'n_pairs': 1000, 'n_max_trajs': 560, 'n_min_trajs': 280, 'n_nonempty_hist': {0: 33, 1: 106, 2: 861}, 'n_both_nonempty': 861, 'n_ttest_run': 861, 'n_significant': {0.05: 60, 0.01: 0, 0.001: 0}, 'frac_significant': {0.05: 0.06968641114982578, 0.01: 0.0, 0.001: 0.0}}}}"
0,False,16,results/ljts_triplet/random_1785953233.pth,"{'laptop (computer_dist)': {'n_pairs': 1000, 'n_max_trajs': 56, 'n_min_trajs': 448, 'n_nonempty_hist': {0: 35, 1: 0, 2: 965}, 'n_both_nonempty': 965, 'n_ttest_run': 825, 'n_significant': {0.05: 172, 0.01: 135, 0.001: 57}, 'frac_significant': {0.05: 0.2084848484848485, 0.01: 0.16363636363636364, 0.001: 0.06909090909090909}}, 'upright (joint_up)': {'n_pairs': 1000, 'n_max_trajs': 560, 'n_min_trajs': 280, 'n_nonempty_hist': {0: 64, 1: 0, 2: 936}, 'n_both_nonempty': 936, 'n_ttest_run': 935, 'n_significant': {0.05: 115, 0.01: 20, 0.001: 0}, 'frac_significant': {0.05: 0.12299465240641712, 0.01: 0.0213903743315508, 0.001: 0.0}}}","{'sim_only': {'laptop (computer_dist)': {'n_pairs': 1000, 'n_max_trajs': 56, 'n_min_trajs': 448, 'n_nonempty_hist': {0: 35, 1: 0, 2: 965}, 'n_both_nonempty': 965, 'n_ttest_run': 825, 'n_significant': {0.05: 172, 0.01: 135, 0.001: 57}, 'frac_significant': {0.05: 0.2084848484848485, 0.01: 0.16363636363636364, 0.001: 0.06909090909090909}}, 'upright (joint_up)': {'n_pairs': 1000, 'n_max_trajs': 560, 'n_min_trajs': 280, 'n_nonempty_hist': {0: 64, 1: 0, 2: 936}, 'n_both_nonempty': 936, 'n_ttest_run': 935, 'n_significant': {0.05: 115, 0.01: 20, 0.001: 0}, 'frac_significant': {0.05: 0.12299465240641712, 0.01: 0.0213903743315508, 0.001: 0.0}}}}"
1,False,16,results/ljts_triplet/random_1785953240.pth,"{'laptop (computer_dist)': {'n_pairs': 1000, 'n_max_trajs': 56, 'n_min_trajs': 448, 'n_nonempty_hist': {0: 28, 1: 0, 2: 972}, 'n_both_nonempty': 972, 'n_ttest_run': 799, 'n_significant': {0.05: 140, 0.01: 93, 0.001: 65}, 'frac_significant': {0.05: 0.17521902377972465, 0.01: 0.11639549436795996, 0.001: 0.08135168961201501}}, 'upright (joint_up)': {'n_pairs': 1000, 'n_max_trajs': 560, 'n_min_trajs': 280, 'n_nonempty_hist': {0: 40, 1: 0, 2: 960}, 'n_both_nonempty': 960, 'n_ttest_run': 960, 'n_significant': {0.05: 44, 0.01: 3, 0.001: 0}, 'frac_significant': {0.05: 0.04583333333333333, 0.01: 0.003125, 0.001: 0.0}}}","{'sim_only': {'laptop (computer_dist)': {'n_pairs': 1000, 'n_max_trajs': 56, 'n_min_trajs': 448, 'n_nonempty_hist': {0: 28, 1: 0, 2: 972}, 'n_both_nonempty': 972, 'n_ttest_run': 799, 'n_significant': {0.05: 140, 0.01: 93, 0.001: 65}, 'frac_significant': {0.05: 0.17521902377972465, 0.01: 0.11639549436795996, 0.001: 0.08135168961201501}}, 'upright (joint_up)': {'n_pairs': 1000, 'n_max_trajs': 560, 'n_min_trajs': 280, 'n_nonempty_hist': {0: 40, 1: 0, 2: 960}, 'n_both_nonempty': 960, 'n_ttest_run': 960, 'n_significant': {0.05: 44, 0.01: 3, 0.001: 0}, 'frac_significant': {0.05: 0.04583333333333333, 0.01: 0.003125, 0.001: 0.0}}}}"
2,False,16,results/ljts_triplet/random_1785953246.pth,"{'laptop (computer_dist)': {'n_pairs': 1000, 'n_max_trajs': 56, 'n_min_trajs': 448, 'n_nonempty_hist': {0: 15, 1: 0, 2: 985}, 'n_both_nonempty': 985, 'n_ttest_run': 847, 'n_significant': {0.05: 334, 0.01: 258, 0.001: 167}, 'frac_significant': {0.05: 0.39433293978748524, 0.01: 0.30460448642266824, 0.001: 0.19716646989374262}}, 'upright (joint_up)': {'n_pairs': 1000, 'n_max_trajs': 560, 'n_min_trajs': 280, 'n_nonempty_hist': {0: 32, 1: 2, 2: 966}, 'n_both_nonempty': 966, 'n_ttest_run': 966, 'n_significant': {0.05: 100, 0.01: 6, 0.001: 0}, 'frac_significant': {0.05: 0.10351966873706005, 0.01: 0.006211180124223602, 0.001: 0.0}}}","{'sim_only': {'laptop (computer_dist)': {'n_pairs': 1000, 'n_max_trajs': 56, 'n_min_trajs': 448, 'n_nonempty_hist': {0: 15, 1: 0, 2: 985}, 'n_both_nonempty': 985, 'n_ttest_run': 847, 'n_significant': {0.05: 334, 0.01: 258, 0.001: 167}, 'frac_significant': {0.05: 0.39433293978748524, 0.01: 0.30460448642266824, 0.001: 0.19716646989374262}}, 'upright (joint_up)': {'n_pairs': 1000, 'n_max_trajs': 560, 'n_min_trajs': 280, 'n_nonempty_hist': {0: 32, 1: 2, 2: 966}, 'n_both_nonempty': 966, 'n_ttest_run': 966, 'n_significant': {0.05: 100, 0.01: 6, 0.001: 0}, 'frac_significant': {0.05: 0.10351966873706005, 0.01: 0.006211180124223602, 0.001: 0.0}}}}"
0,False,32,results/ljts_triplet/random_1785953253.pth,"{'laptop (computer_dist)': {'n_pairs': 1000, 'n_max_trajs': 56, 'n_min_trajs': 448, 'n_nonempty_hist': {0: 0, 1: 0, 2: 1000}, 'n_both_nonempty': 1000, 'n_ttest_run': 900, 'n_significant': {0.05: 452, 0.01: 356, 0.001: 241}, 'frac_significant': {0.05: 0.5022222222222222, 0.01: 0.39555555555555555, 0.001: 0.2677777777777778}}, 'upright (joint_up)': {'n_pairs': 1000, 'n_max_trajs': 560, 'n_min_trajs': 280, 'n_nonempty_hist': {0: 10, 1: 0, 2: 990}, 'n_both_nonempty': 990, 'n_ttest_run': 989, 'n_significant': {0.05: 129, 0.01: 8, 0.001: 0}, 'frac_significant': {0.05: 0.13043478260869565, 0.01: 0.008088978766430738, 0.001: 0.0}}}","{'sim_only': {'laptop (computer_dist)': {'n_pairs': 1000, 'n_max_trajs': 56, 'n_min_trajs': 448, 'n_nonempty_hist': {0: 0, 1: 0, 2: 1000}, 'n_both_nonempty': 1000, 'n_ttest_run': 900, 'n_significant': {0.05: 452, 0.01: 356, 0.001: 241}, 'frac_significant': {0.05: 0.5022222222222222, 0.01: 0.39555555555555555, 0.001: 0.2677777777777778}}, 'upright (joint_up)': {'n_pairs': 1000, 'n_max_trajs': 560, 'n_min_trajs': 280, 'n_nonempty_hist': {0: 10, 1: 0, 2: 990}, 'n_both_nonempty': 990, 'n_ttest_run': 989, 'n_significant': {0.05: 129, 0.01: 8, 0.001: 0}, 'frac_significant': {0.05: 0.13043478260869565, 0.01: 0.008088978766430738, 0.001: 0.0}}}}"
1,False,32,results/ljts_triplet/random_1785953259.pth,"{'laptop (computer_dist)': {'n_pairs': 1000, 'n_max_trajs': 56, 'n_min_trajs': 448, 'n_nonempty_hist': {0: 8, 1: 0, 2: 992}, 'n_both_nonempty': 992, 'n_ttest_run': 890, 'n_significant': {0.05: 396, 0.01: 287, 0.001: 175}, 'frac_significant': {0.05: 0.4449438202247191, 0.01: 0.32247191011235954, 0.001: 0.19662921348314608}}, 'upright (joint_up)': {'n_pairs': 1000, 'n_max_trajs': 560, 'n_min_trajs': 280, 'n_nonempty_hist': {0: 35, 1: 0, 2: 965}, 'n_both_nonempty': 965, 'n_ttest_run': 961, 'n_significant': {0.05: 128, 0.01: 24, 0.001: 0}, 'frac_significant': {0.05: 0.1331945889698231, 0.01: 0.02497398543184183, 0.001: 0.0}}}","{'sim_only': {'laptop (computer_dist)': {'n_pairs': 1000, 'n_max_trajs': 56, 'n_min_trajs': 448, 'n_nonempty_hist': {0: 8, 1: 0, 2: 992}, 'n_both_nonempty': 992, 'n_ttest_run': 890, 'n_significant': {0.05: 396, 0.01: 287, 0.001: 175}, 'frac_significant': {0.05: 0.4449438202247191, 0.01: 0.32247191011235954, 0.001: 0.19662921348314608}}, 'upright (joint_up)': {'n_pairs': 1000, 'n_max_trajs': 560, 'n_min_trajs': 280, 'n_nonempty_hist': {0: 35, 1: 0, 2: 965}, 'n_both_nonempty': 965, 'n_ttest_run': 961, 'n_significant': {0.05: 128, 0.01: 24, 0.001: 0}, 'frac_significant': {0.05: 0.1331945889698231, 0.01: 0.02497398543184183, 0.001: 0.0}}}}"
2,False,32,results/ljts_triplet/random_1785953266.pth,"{'laptop (computer_dist)': {'n_pairs': 1000, 'n_max_trajs': 56, 'n_min_trajs': 448, 'n_nonempty_hist': {0: 3, 1: 0, 2: 997}, 'n_both_nonempty': 997, 'n_ttest_run': 921, 'n_significant': {0.05: 487, 0.01: 393, 0.001: 269}, 'frac_significant': {0.05: 0.5287730727470141, 0.01: 0.42671009771986973, 0.001: 0.2920738327904452}}, 'upright (joint_up)': {'n_pairs': 1000, 'n_max_trajs': 560, 'n_min_trajs': 280, 'n_nonempty_hist': {0: 6, 1: 0, 2: 994}, 'n_both_nonempty': 994, 'n_ttest_run': 993, 'n_significant': {0.05: 105, 0.01: 18, 0.001: 0}, 'frac_significant': {0.05: 0.10574018126888217, 0.01: 0.01812688821752266, 0.001: 0.0}}}","{'sim_only': {'laptop (computer_dist)': {'n_pairs': 1000, 'n_max_trajs': 56, 'n_min_trajs': 448, 'n_nonempty_hist': {0: 3, 1: 0, 2: 997}, 'n_both_nonempty': 997, 'n_ttest_run': 921, 'n_significant': {0.05: 487, 0.01: 393, 0.001: 269}, 'frac_significant': {0.05: 0.5287730727470141, 0.01: 0.42671009771986973, 0.001: 0.2920738327904452}}, 'upright (joint_up)': {'n_pairs': 1000, 'n_max_trajs': 560, 'n_min_trajs': 280, 'n_nonempty_hist': {0: 6, 1: 0, 2: 994}, 'n_both_nonempty': 994, 'n_ttest_run': 993, 'n_significant': {0.05: 105, 0.01: 18, 0.001: 0}, 'frac_significant': {0.05: 0.10574018126888217, 0.01: 0.01812688821752266, 0.001: 0.0}}}}"
0,False,64,results/ljts_triplet/random_1785953272.pth,"{'laptop (computer_dist)': {'n_pairs': 1000, 'n_max_trajs': 56, 'n_min_trajs': 448, 'n_nonempty_hist': {0: 0, 1: 0, 2: 1000}, 'n_both_nonempty': 1000, 'n_ttest_run': 947, 'n_significant': {0.05: 481, 0.01: 369, 0.001: 239}, 'frac_significant': {0.05: 0.5079197465681098, 0.01: 0.38965153115100315, 0.001: 0.25237592397043296}}, 'upright (joint_up)': {'n_pairs': 1000, 'n_max_trajs': 560, 'n_min_trajs': 280, 'n_nonempty_hist': {0: 8, 1: 0, 2: 992}, 'n_both_nonempty': 992, 'n_ttest_run': 987, 'n_significant': {0.05: 134, 0.01: 25, 0.001: 0}, 'frac_significant': {0.05: 0.13576494427558258, 0.01: 0.025329280648429583, 0.001: 0.0}}}","{'sim_only': {'laptop (computer_dist)': {'n_pairs': 1000, 'n_max_trajs': 56, 'n_min_trajs': 448, 'n_nonempty_hist': {0: 0, 1: 0, 2: 1000}, 'n_both_nonempty': 1000, 'n_ttest_run': 947, 'n_significant': {0.05: 481, 0.01: 369, 0.001: 239}, 'frac_significant': {0.05: 0.5079197465681098, 0.01: 0.38965153115100315, 0.001: 0.25237592397043296}}, 'upright (joint_up)': {'n_pairs': 1000, 'n_max_trajs': 560, 'n_min_trajs': 280, 'n_nonempty_hist': {0: 8, 1: 0, 2: 992}, 'n_both_nonempty': 992, 'n_ttest_run': 987, 'n_significant': {0.05: 134, 0.01: 25, 0.001: 0}, 'frac_significant': {0.05: 0.13576494427558258, 0.01: 0.025329280648429583, 0.001: 0.0}}}}"
1,False,64,results/ljts_triplet/random_1785953279.pth,"{'laptop (computer_dist)': {'n_pairs': 1000, 'n_max_trajs': 56, 'n_min_trajs': 448, 'n_nonempty_hist': {0: 2, 1: 0, 2: 998}, 'n_both_nonempty': 998, 'n_ttest_run': 840, 'n_significant': {0.05: 366, 0.01: 278, 0.001: 195}, 'frac_significant': {0.05: 0.4357142857142857, 0.01: 0.33095238095238094, 0.001: 0.23214285714285715}}, 'upright (joint_up)': {'n_pairs': 1000, 'n_max_trajs': 560, 'n_min_trajs': 280, 'n_nonempty_hist': {0: 7, 1: 0, 2: 993}, 'n_both_nonempty': 993, 'n_ttest_run': 990, 'n_significant': {0.05: 169, 0.01: 33, 0.001: 0}, 'frac_significant': {0.05: 0.1707070707070707, 0.01: 0.03333333333333333, 0.001: 0.0}}}","{'sim_only': {'laptop (computer_dist)': {'n_pairs': 1000, 'n_max_trajs': 56, 'n_min_trajs': 448, 'n_nonempty_hist': {0: 2, 1: 0, 2: 998}, 'n_both_nonempty': 998, 'n_ttest_run': 840, 'n_significant': {0.05: 366, 0.01: 278, 0.001: 195}, 'frac_significant': {0.05: 0.4357142857142857, 0.01: 0.33095238095238094, 0.001: 0.23214285714285715}}, 'upright (joint_up)': {'n_pairs': 1000, 'n_max_trajs': 560, 'n_min_trajs': 280, 'n_nonempty_hist': {0: 7, 1: 0, 2: 993}, 'n_both_nonempty': 993, 'n_ttest_run': 990, 'n_significant': {0.05: 169, 0.01: 33, 0.001: 0}, 'frac_significant': {0.05: 0.1707070707070707, 0.01: 0.03333333333333333, 0.001: 0.0}}}}"
2,False,64,results/ljts_triplet/random_1785953286.pth,"{'laptop (computer_dist)': {'n_pairs': 1000, 'n_max_trajs': 56, 'n_min_trajs': 448, 'n_nonempty_hist': {0: 2, 1: 0, 2: 998}, 'n_both_nonempty': 998, 'n_ttest_run': 917, 'n_significant': {0.05: 440, 0.01: 362, 0.001: 234}, 'frac_significant': {0.05: 0.4798255179934569, 0.01: 0.39476553980370777, 0.001: 0.25517993456924754}}, 'upright (joint_up)': {'n_pairs': 1000, 'n_max_trajs': 560, 'n_min_trajs': 280, 'n_nonempty_hist': {0: 14, 1: 0, 2: 986}, 'n_both_nonempty': 986, 'n_ttest_run': 986, 'n_significant': {0.05: 94, 0.01: 6, 0.001: 0}, 'frac_significant': {0.05: 0.09533468559837728, 0.01: 0.006085192697768763, 0.001: 0.0}}}","{'sim_only': {'laptop (computer_dist)': {'n_pairs': 1000, 'n_max_trajs': 56, 'n_min_trajs': 448, 'n_nonempty_hist': {0: 2, 1: 0, 2: 998}, 'n_both_nonempty': 998, 'n_ttest_run': 917, 'n_significant': {0.05: 440, 0.01: 362, 0.001: 234}, 'frac_significant': {0.05: 0.4798255179934569, 0.01: 0.39476553980370777, 0.001: 0.25517993456924754}}, 'upright (joint_up)': {'n_pairs': 1000, 'n_max_trajs': 560, 'n_min_trajs': 280, 'n_nonempty_hist': {0: 14, 1: 0, 2: 986}, 'n_both_nonempty': 986, 'n_ttest_run': 986, 'n_significant': {0.05: 94, 0.01: 6, 0.001: 0}, 'frac_significant': {0.05: 0.09533468559837728, 0.01: 0.006085192697768763, 0.001: 0.0}}}}"
0,False,128,results/ljts_triplet/random_1785953293.pth,"{'laptop (computer_dist)': {'n_pairs': 1000, 'n_max_trajs': 56, 'n_min_trajs': 448, 'n_nonempty_hist': {0: 0, 1: 0, 2: 1000}, 'n_both_nonempty': 1000, 'n_ttest_run': 901, 'n_significant': {0.05: 553, 0.01: 449, 0.001: 315}, 'frac_significant': {0.05: 0.6137624861265261, 0.01: 0.4983351831298557, 0.001: 0.34961154273029965}}, 'upright (joint_up)': {'n_pairs': 1000, 'n_max_trajs': 560, 'n_min_trajs': 280, 'n_nonempty_hist': {0: 7, 1: 0, 2: 993}, 'n_both_nonempty': 993, 'n_ttest_run': 984, 'n_significant': {0.05: 192, 0.01: 68, 0.001: 0}, 'frac_significant': {0.05: 0.1951219512195122, 0.01: 0.06910569105691057, 0.001: 0.0}}}","{'sim_only': {'laptop (computer_dist)': {'n_pairs': 1000, 'n_max_trajs': 56, 'n_min_trajs': 448, 'n_nonempty_hist': {0: 0, 1: 0, 2: 1000}, 'n_both_nonempty': 1000, 'n_ttest_run': 901, 'n_significant': {0.05: 553, 0.01: 449, 0.001: 315}, 'frac_significant': {0.05: 0.6137624861265261, 0.01: 0.4983351831298557, 0.001: 0.34961154273029965}}, 'upright (joint_up)': {'n_pairs': 1000, 'n_max_trajs': 560, 'n_min_trajs': 280, 'n_nonempty_hist': {0: 7, 1: 0, 2: 993}, 'n_both_nonempty': 993, 'n_ttest_run': 984, 'n_significant': {0.05: 192, 0.01: 68, 0.001: 0}, 'frac_significant': {0.05: 0.1951219512195122, 0.01: 0.06910569105691057, 0.001: 0.0}}}}"
1,False,128,results/ljts_triplet/random_1785953300.pth,"{'laptop (computer_dist)': {'n_pairs': 1000, 'n_max_trajs': 56, 'n_min_trajs': 448, 'n_nonempty_hist': {0: 0, 1: 0, 2: 1000}, 'n_both_nonempty': 1000, 'n_ttest_run': 927, 'n_significant': {0.05: 474, 0.01: 368, 0.001: 275}, 'frac_significant': {0.05: 0.511326860841424, 0.01: 0.3969795037756203, 0.001: 0.296655879180151}}, 'upright (joint_up)': {'n_pairs': 1000, 'n_max_trajs': 560, 'n_min_trajs': 280, 'n_nonempty_hist': {0: 5, 1: 0, 2: 995}, 'n_both_nonempty': 995, 'n_ttest_run': 988, 'n_significant': {0.05: 199, 0.01: 42, 0.001: 0}, 'frac_significant': {0.05: 0.201417004048583, 0.01: 0.04251012145748988, 0.001: 0.0}}}","{'sim_only': {'laptop (computer_dist)': {'n_pairs': 1000, 'n_max_trajs': 56, 'n_min_trajs': 448, 'n_nonempty_hist': {0: 0, 1: 0, 2: 1000}, 'n_both_nonempty': 1000, 'n_ttest_run': 927, 'n_significant': {0.05: 474, 0.01: 368, 0.001: 275}, 'frac_significant': {0.05: 0.511326860841424, 0.01: 0.3969795037756203, 0.001: 0.296655879180151}}, 'upright (joint_up)': {'n_pairs': 1000, 'n_max_trajs': 560, 'n_min_trajs': 280, 'n_nonempty_hist': {0: 5, 1: 0, 2: 995}, 'n_both_nonempty': 995, 'n_ttest_run': 988, 'n_significant': {0.05: 199, 0.01: 42, 0.001: 0}, 'frac_significant': {0.05: 0.201417004048583, 0.01: 0.04251012145748988, 0.001: 0.0}}}}"
2,False,128,results/ljts_triplet/random_1785953308.pth,"{'laptop (computer_dist)': {'n_pairs': 1000, 'n_max_trajs': 56, 'n_min_trajs': 448, 'n_nonempty_hist': {0: 1, 1: 0, 2: 999}, 'n_both_nonempty': 999, 'n_ttest_run': 880, 'n_significant': {0.05: 502, 0.01: 342, 0.001: 204}, 'frac_significant': {0.05: 0.5704545454545454, 0.01: 0.3886363636363636, 0.001: 0.2318181818181818}}, 'upright (joint_up)': {'n_pairs': 1000, 'n_max_trajs': 560, 'n_min_trajs': 280, 'n_nonempty_hist': {0: 3, 1: 0, 2: 997}, 'n_both_nonempty': 997, 'n_ttest_run': 997, 'n_significant': {0.05: 143, 0.01: 28, 0.001: 0}, 'frac_significant': {0.05: 0.14343029087261785, 0.01: 0.028084252758274825, 0.001: 0.0}}}","{'sim_only': {'laptop (computer_dist)': {'n_pairs': 1000, 'n_max_trajs': 56, 'n_min_trajs': 448, 'n_nonempty_hist': {0: 1, 1: 0, 2: 999}, 'n_both_nonempty': 999, 'n_ttest_run': 880, 'n_significant': {0.05: 502, 0.01: 342, 0.001: 204}, 'frac_significant': {0.05: 0.5704545454545454, 0.01: 0.3886363636363636, 0.001: 0.2318181818181818}}, 'upright (joint_up)': {'n_pairs': 1000, 'n_max_trajs': 560, 'n_min_trajs': 280, 'n_nonempty_hist': {0: 3, 1: 0, 2: 997}, 'n_both_nonempty': 997, 'n_ttest_run': 997, 'n_significant': {0.05: 143, 0.01: 28, 0.001: 0}, 'frac_significant': {0.05: 0.14343029087261785, 0.01: 0.028084252758274825, 0.001: 0.0}}}}"
0,False,256,results/ljts_triplet/random_1785953315.pth,"{'laptop (computer_dist)': {'n_pairs': 1000, 'n_max_trajs': 56, 'n_min_trajs': 448, 'n_nonempty_hist': {0: 0, 1: 0, 2: 1000}, 'n_both_nonempty': 1000, 'n_ttest_run': 856, 'n_significant': {0.05: 497, 0.01: 412, 0.001: 280}, 'frac_significant': {0.05: 0.580607476635514, 0.01: 0.48130841121495327, 0.001: 0.32710280373831774}}, 'upright (joint_up)': {'n_pairs': 1000, 'n_max_trajs': 560, 'n_min_trajs': 280, 'n_nonempty_hist': {0: 4, 1: 0, 2: 996}, 'n_both_nonempty': 996, 'n_ttest_run': 995, 'n_significant': {0.05: 195, 0.01: 44, 0.001: 0}, 'frac_significant': {0.05: 0.19597989949748743, 0.01: 0.044221105527638194, 0.001: 0.0}}}","{'sim_only': {'laptop (computer_dist)': {'n_pairs': 1000, 'n_max_trajs': 56, 'n_min_trajs': 448, 'n_nonempty_hist': {0: 0, 1: 0, 2: 1000}, 'n_both_nonempty': 1000, 'n_ttest_run': 856, 'n_significant': {0.05: 497, 0.01: 412, 0.001: 280}, 'frac_significant': {0.05: 0.580607476635514, 0.01: 0.48130841121495327, 0.001: 0.32710280373831774}}, 'upright (joint_up)': {'n_pairs': 1000, 'n_max_trajs': 560, 'n_min_trajs': 280, 'n_nonempty_hist': {0: 4, 1: 0, 2: 996}, 'n_both_nonempty': 996, 'n_ttest_run': 995, 'n_significant': {0.05: 195, 0.01: 44, 0.001: 0}, 'frac_significant': {0.05: 0.19597989949748743, 0.01: 0.044221105527638194, 0.001: 0.0}}}}"
1,False,256,results/ljts_triplet/random_1785953326.pth,"{'laptop (computer_dist)': {'n_pairs': 1000, 'n_max_trajs': 56, 'n_min_trajs': 448, 'n_nonempty_hist': {0: 0, 1: 0, 2: 1000}, 'n_both_nonempty': 1000, 'n_ttest_run': 842, 'n_significant': {0.05: 429, 0.01: 337, 0.001: 199}, 'frac_significant': {0.05: 0.5095011876484561, 0.01: 0.4002375296912114, 0.001: 0.23634204275534443}}, 'upright (joint_up)': {'n_pairs': 1000, 'n_max_trajs': 560, 'n_min_trajs': 280, 'n_nonempty_hist': {0: 2, 1: 0, 2: 998}, 'n_both_nonempty': 998, 'n_ttest_run': 998, 'n_significant': {0.05: 195, 0.01: 27, 0.001: 0}, 'frac_significant': {0.05: 0.19539078156312625, 0.01: 0.027054108216432865, 0.001: 0.0}}}","{'sim_only': {'laptop (computer_dist)': {'n_pairs': 1000, 'n_max_trajs': 56, 'n_min_trajs': 448, 'n_nonempty_hist': {0: 0, 1: 0, 2: 1000}, 'n_both_nonempty': 1000, 'n_ttest_run': 842, 'n_significant': {0.05: 429, 0.01: 337, 0.001: 199}, 'frac_significant': {0.05: 0.5095011876484561, 0.01: 0.4002375296912114, 0.001: 0.23634204275534443}}, 'upright (joint_up)': {'n_pairs': 1000, 'n_max_trajs': 560, 'n_min_trajs': 280, 'n_nonempty_hist': {0: 2, 1: 0, 2: 998}, 'n_both_nonempty': 998, 'n_ttest_run': 998, 'n_significant': {0.05: 195, 0.01: 27, 0.001: 0}, 'frac_significant': {0.05: 0.19539078156312625, 0.01: 0.027054108216432865, 0.001: 0.0}}}}"
2,False,256,results/ljts_triplet/random_1785953335.pth,"{'laptop (computer_dist)': {'n_pairs': 1000, 'n_max_trajs': 56, 'n_min_trajs': 448, 'n_nonempty_hist': {0: 0, 1: 0, 2: 1000}, 'n_both_nonempty': 1000, 'n_ttest_run': 853, 'n_significant': {0.05: 489, 0.01: 384, 0.001: 236}, 'frac_significant': {0.05: 0.5732708089097304, 0.01: 0.4501758499413834, 0.001: 0.27667057444314186}}, 'upright (joint_up)': {'n_pairs': 1000, 'n_max_trajs': 560, 'n_min_trajs': 280, 'n_nonempty_hist': {0: 4, 1: 0, 2: 996}, 'n_both_nonempty': 996, 'n_ttest_run': 996, 'n_significant': {0.05: 179, 0.01: 38, 0.001: 0}, 'frac_significant': {0.05: 0.17971887550200802, 0.01: 0.03815261044176707, 0.001: 0.0}}}","{'sim_only': {'laptop (computer_dist)': {'n_pairs': 1000, 'n_max_trajs': 56, 'n_min_trajs': 448, 'n_nonempty_hist': {0: 0, 1: 0, 2: 1000}, 'n_both_nonempty': 1000, 'n_ttest_run': 853, 'n_significant': {0.05: 489, 0.01: 384, 0.001: 236}, 'frac_significant': {0.05: 0.5732708089097304, 0.01: 0.4501758499413834, 0.001: 0.27667057444314186}}, 'upright (joint_up)': {'n_pairs': 1000, 'n_max_trajs': 560, 'n_min_trajs': 280, 'n_nonempty_hist': {0: 4, 1: 0, 2: 996}, 'n_both_nonempty': 996, 'n_ttest_run': 996, 'n_significant': {0.05: 179, 0.01: 38, 0.001: 0}, 'frac_significant': {0.05: 0.17971887550200802, 0.01: 0.03815261044176707, 0.001: 0.0}}}}"
